Kanton,NoOFS,Gemeinde,Region
BE,301,Aarberg,2
BE,321,Aarwangen,3
BE,561,Adelboden,3
BE,401,Aefligen,2
BE,731,Aegerten,2
BE,562,Aeschi bei Spiez,3
BE,951,Affoltern im Emmental,3
BE,402,Alchenstorf,2
BE,630,Allmendingen,2
BE,921,Amsoldingen,2
BE,381,Arch,2
BE,602,Arni (BE),2
BE,971,Attiswil,3
BE,322,Auswil,3
BE,323,Bannwil,3
BE,302,Bargen (BE),2
BE,403,Bäriswil,2
BE,533,Bätterkinden,2
BE,571,Beatenberg,3
BE,732,Bellmund,2
BE,861,Belp,2
BE,681,Belprahon,2
BE,972,Berken,3
BE,351,Bern,1
BE,973,Bettenhausen,3
BE,371,Biel/Bienne,1
BE,603,Biglen,2
BE,324,Bleienbach,3
BE,922,Blumenstein,2
BE,352,Bolligen,1
BE,791,Boltigen,3
BE,572,Bönigen,3
BE,605,Bowil,2
BE,353,Bremgarten bei Bern,1
BE,606,Brenzikofen,2
BE,573,Brienz (BE),3
BE,574,Brienzwiler,3
BE,733,Brügg,2
BE,491,Brüttelen,2
BE,923,Buchholterberg,2
BE,382,Büetigen,2
BE,734,Bühl,2
BE,383,Büren an der Aare,2
BE,404,Burgdorf,2
BE,863,Burgistein,2
BE,325,Busswil bei Melchnau,3
BE,683,Champoz,2
BE,687,Corcelles (BE),2
BE,431,Corgémont,2
BE,432,Cormoret,2
BE,433,Cortébert,2
BE,690,Court,2
BE,434,Courtelary,2
BE,691,Crémines,2
BE,575,Därligen,3
BE,761,Därstetten,3
BE,535,Deisswil bei Münchenbuchsee,2
BE,762,Diemtigen,3
BE,385,Diessbach bei Büren,2
BE,386,Dotzigen,2
BE,952,Dürrenroth,3
BE,901,Eggiwil,3
BE,735,Epsach,2
BE,953,Eriswil,3
BE,924,Eriz,2
BE,492,Erlach,2
BE,763,Erlenbach im Simmental,3
BE,405,Ersigen,2
BE,692,Eschert,2
BE,372,Évilard,1
BE,925,Fahrni,2
BE,975,Farnern,3
BE,662,Ferenbalm,2
BE,493,Finsterhennen,2
BE,948,Forst-Längenbühl,2
BE,538,Fraubrunnen,2
BE,663,Frauenkappelen,2
BE,607,Freimettigen,2
BE,563,Frutigen,3
BE,494,Gals,2
BE,495,Gampelen,2
BE,866,Gerzensee,2
BE,326,Gondiswil,3
BE,976,Graben,3
BE,694,Grandval,2
BE,576,Grindelwald,3
BE,303,Grossaffoltern,2
BE,608,Grosshöchstetten,2
BE,841,Gsteig,3
BE,577,Gsteigwiler,3
BE,852,Guggisberg,2
BE,578,Gündlischwand,3
BE,665,Gurbrü,2
BE,867,Gurzelen,2
BE,782,Guttannen,3
BE,579,Habkern,3
BE,736,Hagneck,2
BE,406,Hasle bei Burgdorf,2
BE,783,Hasliberg,3
BE,609,Häutligen,2
BE,927,Heiligenschwendi,2
BE,928,Heimberg,2
BE,977,Heimenhausen,3
BE,407,Heimiswil,2
BE,408,Hellsau,2
BE,610,Herbligen,2
BE,737,Hermrigen,2
BE,979,Herzogenbuchsee,3
BE,929,Hilterfingen,2
BE,409,Hindelbank,2
BE,410,Höchstetten,2
BE,580,Hofstetten bei Brienz,3
BE,931,Homberg,2
BE,932,Horrenbach-Buchen,2
BE,954,Huttwil,3
BE,541,Iffwil,2
BE,980,Inkwil,3
BE,784,Innertkirchen,3
BE,496,Ins,2
BE,581,Interlaken,3
BE,739,Ipsach,2
BE,582,Iseltwald,3
BE,362,Ittigen,1
BE,868,Jaberg,2
BE,540,Jegenstorf,2
BE,738,Jens,2
BE,304,Kallnach,2
BE,564,Kandergrund,3
BE,565,Kandersteg,3
BE,305,Kappelen,2
BE,869,Kaufdorf,2
BE,870,Kehrsatz,2
BE,411,Kernenried,2
BE,611,Kiesen,2
BE,412,Kirchberg (BE),2
BE,872,Kirchdorf (BE),2
BE,354,Kirchlindach,1
BE,355,Köniz,1
BE,612,Konolfingen,2
BE,413,Koppigen,2
BE,566,Krattigen,3
BE,414,Krauchthal,2
BE,666,Kriechenwil,2
BE,435,La Ferrière,2
BE,723,La Neuveville,2
BE,613,Landiswil,2
BE,329,Langenthal,3
BE,902,Langnau im Emmental,3
BE,842,Lauenen,3
BE,667,Laupen,2
BE,903,Lauperswil,3
BE,584,Lauterbrunnen,3
BE,585,Leissigen,3
BE,387,Lengnau (BE),2
BE,792,Lenk,3
BE,388,Leuzigen,2
BE,740,Ligerz,2
BE,614,Linden,2
BE,331,Lotzwil,3
BE,696,Loveresse,2
BE,497,Lüscherz,2
BE,586,Lütschental,3
BE,955,Lützelflüh,3
BE,306,Lyss,2
BE,415,Lyssach,2
BE,332,Madiswil,3
BE,587,Matten bei Interlaken,3
BE,543,Mattstetten,2
BE,389,Meienried,2
BE,307,Meikirch,2
BE,390,Meinisberg,2
BE,785,Meiringen,3
BE,333,Melchnau,3
BE,741,Merzligen,2
BE,615,Mirchel,2
BE,437,Mont-Tramelan,2
BE,544,Moosseedorf,2
BE,742,Mörigen,2
BE,700,Moutier,2
BE,668,Mühleberg,2
BE,546,Münchenbuchsee,2
BE,669,Münchenwiler,2
BE,616,Münsingen,2
BE,498,Müntschemier,2
BE,356,Muri bei Bern,1
BE,670,Neuenegg,2
BE,743,Nidau,2
BE,981,Niederbipp,3
BE,617,Niederhünigen,2
BE,877,Niedermuhlern,2
BE,982,Niederönz,3
BE,588,Niederried bei Interlaken,3
BE,724,Nods,2
BE,357,Oberbalm,1
BE,983,Oberbipp,3
BE,418,Oberburg,2
BE,619,Oberdiessbach,2
BE,934,Oberhofen am Thunersee,2
BE,629,Oberhünigen,2
BE,935,Oberlangenegg,2
BE,589,Oberried am Brienzersee,3
BE,620,Oberthal,2
BE,391,Oberwil bei Büren,2
BE,766,Oberwil im Simmental,3
BE,985,Ochlenberg,3
BE,335,Oeschenbach,3
BE,622,Oppligen,2
BE,744,Orpund,2
BE,438,Orvin,2
BE,363,Ostermundigen,1
BE,701,Perrefitte,2
BE,450,Péry-La Heutte,2
BE,716,Petit-Val,2
BE,392,Pieterlen,2
BE,726,Plateau de Diesse,2
BE,936,Pohlern,2
BE,745,Port,2
BE,309,Radelfingen,2
BE,310,Rapperswil (BE),2
BE,715,Rebévelier,2
BE,703,Reconvilier,2
BE,567,Reichenbach im Kandertal,3
BE,336,Reisiswil,3
BE,441,Renan (BE),2
BE,767,Reutigen,3
BE,879,Riggisberg,2
BE,590,Ringgenberg (BE),3
BE,704,Roches (BE),2
BE,337,Roggwil (BE),3
BE,338,Rohrbach,3
BE,339,Rohrbachgraben,3
BE,442,Romont (BE),2
BE,904,Röthenbach im Emmental,3
BE,623,Rubigen,2
BE,905,Rüderswil,3
BE,420,Rüdtligen-Alchenflüh,2
BE,880,Rüeggisberg,2
BE,956,Rüegsau,3
BE,421,Rumendingen,2
BE,987,Rumisberg,3
BE,853,Rüschegg,2
BE,393,Rüti bei Büren,2
BE,422,Rüti bei Lyssach,2
BE,340,Rütschelen,3
BE,843,Saanen,3
BE,746,Safnern,2
BE,706,Saicourt,2
BE,443,Saint-Imier,2
BE,449,Sauge,2
BE,707,Saules (BE),2
BE,591,Saxeten,3
BE,906,Schangnau,3
BE,786,Schattenhalb,3
BE,708,Schelten,2
BE,747,Scheuren,2
BE,311,Schüpfen,2
BE,748,Schwadernau,2
BE,592,Schwanden bei Brienz,3
BE,855,Schwarzenburg,2
BE,341,Schwarzhäusern,3
BE,988,Seeberg,3
BE,312,Seedorf (BE),2
BE,709,Seehof,2
BE,883,Seftigen,2
BE,907,Signau,3
BE,938,Sigriswil,2
BE,499,Siselen,2
BE,444,Sonceboz-Sombeval,2
BE,445,Sonvilier,2
BE,711,Sorvilier,2
BE,768,Spiez,3
BE,793,St. Stephan,3
BE,939,Steffisburg,2
BE,358,Stettlen,1
BE,770,Stocken-Höfen,3
BE,749,Studen (BE),2
BE,957,Sumiswald,3
BE,750,Sutz-Lattrigen,2
BE,751,Täuffelen,2
BE,713,Tavannes,2
BE,940,Teuffenthal (BE),2
BE,941,Thierachern,2
BE,989,Thörigen,3
BE,942,Thun,2
BE,342,Thunstetten,3
BE,889,Thurnen,2
BE,884,Toffen,2
BE,958,Trachselwald,3
BE,446,Tramelan,2
BE,500,Treiten,2
BE,908,Trub,3
BE,909,Trubschachen,3
BE,501,Tschugg,2
BE,756,Twann-Tüscherz,2
BE,943,Uebeschi,2
BE,944,Uetendorf,2
BE,945,Unterlangenegg,2
BE,593,Unterseen,3
BE,344,Ursenbach,3
BE,551,Urtenen-Schönbühl,2
BE,885,Uttigen,2
BE,552,Utzenstorf,2
BE,717,Valbirse,2
BE,359,Vechigen,1
BE,448,Villeret,2
BE,502,Vinelz,2
BE,946,Wachseldorn,2
BE,888,Wald (BE),2
BE,626,Walkringen,2
BE,990,Walliswil bei Niederbipp,3
BE,991,Walliswil bei Wangen,3
BE,754,Walperswil,2
BE,959,Walterswil (BE),3
BE,992,Wangen an der Aare,3
BE,993,Wangenried,3
BE,886,Wattenwil,2
BE,394,Wengi,2
BE,632,Wichtrach,2
BE,995,Wiedlisbach,3
BE,553,Wiggiswil,2
BE,594,Wilderswil,3
BE,554,Wiler bei Utzenstorf,2
BE,671,Wileroltigen,2
BE,423,Willadingen,2
BE,769,Wimmis,3
BE,360,Wohlen bei Bern,1
BE,627,Worb,2
BE,755,Worben,2
BE,345,Wynau,3
BE,424,Wynigen,2
BE,960,Wyssachen,3
BE,628,Zäziwil,2
BE,556,Zielebach,2
BE,361,Zollikofen,1
BE,557,Zuzwil (BE),2
BE,794,Zweisimmen,3
BE,947,Zwieselberg,2
BL,2761,Aesch (BL),1
BL,2762,Allschwil,1
BL,2841,Anwil,2
BL,2881,Arboldswil,2
BL,2821,Arisdorf,2
BL,2763,Arlesheim,1
BL,2822,Augst,2
BL,2882,Bennwil,2
BL,2764,Biel-Benken,1
BL,2765,Binningen,1
BL,2766,Birsfelden,1
BL,2781,Blauen,2
BL,2842,Böckten,2
BL,2767,Bottmingen,1
BL,2883,Bretzwil,2
BL,2782,Brislach,2
BL,2823,Bubendorf,1
BL,2843,Buckten,2
BL,2783,Burg im Leimental,2
BL,2844,Buus,2
BL,2884,Diegten,2
BL,2845,Diepflingen,2
BL,2784,Dittingen,2
BL,2785,Duggingen,2
BL,2885,Eptingen,2
BL,2768,Ettingen,1
BL,2824,Frenkendorf,1
BL,2825,Füllinsdorf,1
BL,2846,Gelterkinden,2
BL,2826,Giebenach,2
BL,2786,Grellingen,2
BL,2847,Häfelfingen,2
BL,2848,Hemmiken,2
BL,2827,Hersberg,2
BL,2886,Hölstein,2
BL,2849,Itingen,2
BL,2850,Känerkinden,2
BL,2851,Kilchberg (BL),2
BL,2887,Lampenberg,2
BL,2888,Langenbruck,2
BL,2852,Läufelfingen,2
BL,2787,Laufen,2
BL,2828,Lausen,1
BL,2889,Lauwil,2
BL,2890,Liedertswil,2
BL,2788,Liesberg,2
BL,2829,Liestal,1
BL,2830,Lupsingen,2
BL,2853,Maisprach,2
BL,2769,Münchenstein,1
BL,2770,Muttenz,1
BL,2789,Nenzlingen,2
BL,2891,Niederdorf,2
BL,2854,Nusshof,2
BL,2892,Oberdorf (BL),2
BL,2771,Oberwil (BL),1
BL,2855,Oltingen,2
BL,2856,Ormalingen,2
BL,2772,Pfeffingen,1
BL,2831,Pratteln,1
BL,2832,Ramlinsburg,2
BL,2893,Reigoldswil,2
BL,2773,Reinach (BL),1
BL,2857,Rickenbach (BL),2
BL,2790,Roggenburg,2
BL,2791,Röschenz,2
BL,2858,Rothenfluh,2
BL,2859,Rümlingen,2
BL,2860,Rünenberg,2
BL,2774,Schönenbuch,1
BL,2833,Seltisberg,2
BL,2861,Sissach,2
BL,2862,Tecknau,2
BL,2863,Tenniken,2
BL,2775,Therwil,1
BL,2864,Thürnen,2
BL,2894,Titterten,2
BL,2792,Wahlen,2
BL,2895,Waldenburg,2
BL,2865,Wenslingen,2
BL,2866,Wintersingen,2
BL,2867,Wittinsburg,2
BL,2868,Zeglingen,2
BL,2834,Ziefen,2
BL,2869,Zunzgen,2
BL,2793,Zwingen,2
FR,2321,Attalens,2
FR,2061,Auboranges,2
FR,2173,Autigny,1
FR,2174,Avry,1
FR,2162,Bas-Intyamon,2
FR,2175,Belfaux,1
FR,2053,Belmont-Broye,2
FR,2063,Billens-Hennens,2
FR,2238,Bois-d’Amont,1
FR,2295,Bösingen,2
FR,2323,Bossonnens,2
FR,2123,Botterens,2
FR,2124,Broc,2
FR,2292,Brünisried,2
FR,2125,Bulle,2
FR,2066,Chapelle (Glâne),2
FR,2325,Châtel-Saint-Denis,2
FR,2128,Châtel-sur-Montsalvens,2
FR,2008,Châtillon (FR),2
FR,2068,Châtonnaye,2
FR,2177,Chénens,1
FR,2055,Cheyres-Châbles,2
FR,2129,Corbières,2
FR,2183,Corminboeuf,1
FR,2186,Cottens (FR),1
FR,2250,Courgevaux,2
FR,2254,Courtepin,2
FR,2257,Cressier (FR),2
FR,2130,Crésuz,2
FR,2011,Cugy (FR),2
FR,2051,Delley-Portalban,2
FR,2293,Düdingen,2
FR,2131,Écharlens,2
FR,2072,Écublens (FR),2
FR,2054,Estavayer,2
FR,2194,Ferpicloz,1
FR,2016,Fétigny,2
FR,2258,Fräschels,2
FR,2196,Fribourg,1
FR,2236,Gibloux,1
FR,2294,Giffers,2
FR,2197,Givisiez,1
FR,2022,Gletterens,2
FR,2134,Grandvillard,2
FR,2328,Granges (Veveyse),2
FR,2198,Granges-Paccot,1
FR,2079,Grangettes,2
FR,2261,Greng,2
FR,2200,Grolley,1
FR,2135,Gruyères,2
FR,2262,Gurmels,2
FR,2233,Hauterive (FR),1
FR,2137,Hauteville,2
FR,2121,Haut-Intyamon,2
FR,2296,Heitenried,2
FR,2138,Jaun,2
FR,2265,Kerzers,2
FR,2266,Kleinbösingen,2
FR,2234,La Brillaz,1
FR,2149,La Roche,2
FR,2235,La Sonnaz,1
FR,2338,La Verrerie,2
FR,2067,Le Châtelard,2
FR,2337,Le Flon,2
FR,2220,Le Mouret,1
FR,2145,Le Pâquier (FR),2
FR,2050,Les Montets,2
FR,2025,Lully (FR),2
FR,2206,Marly,1
FR,2140,Marsens,2
FR,2086,Massonnens,2
FR,2208,Matran,1
FR,2027,Ménières,2
FR,2271,Meyriez,2
FR,2087,Mézières (FR),2
FR,2272,Misery-Courtion,2
FR,2029,Montagny (FR),2
FR,2089,Montet (Glâne),2
FR,2284,Mont-Vully,2
FR,2143,Morlon,2
FR,2274,Muntelier,2
FR,2275,Murten,2
FR,2211,Neyruz (FR),1
FR,2035,Nuvilly,2
FR,2216,Pierrafortscha,1
FR,2299,Plaffeien,2
FR,2300,Plasselb,2
FR,2122,Pont-en-Ogoz,2
FR,2217,Ponthaux,1
FR,2147,Pont-la-Ville,2
FR,2038,Prévondavaux,2
FR,2237,Prez,1
FR,2301,Rechthalten,2
FR,2333,Remaufens,2
FR,2148,Riaz,2
FR,2276,Ried bei Kerzers,2
FR,2096,Romont (FR),2
FR,2097,Rue,2
FR,2041,Saint-Aubin (FR),2
FR,2335,Saint-Martin (FR),2
FR,2152,Sâles,2
FR,2305,Schmitten (FR),2
FR,2336,Semsales,2
FR,2043,Sévaz,2
FR,2099,Siviriez,2
FR,2153,Sorens,2
FR,2303,St. Silvester,2
FR,2304,St. Ursen,2
FR,2044,Surpierre,2
FR,2306,Tafers,2
FR,2307,Tentlingen,2
FR,2115,Torny,2
FR,2226,Treyvaux,1
FR,2308,Ueberstorf,2
FR,2278,Ulmiz,2
FR,2102,Ursy,2
FR,2163,Val-de-Charmey,2
FR,2045,Vallon,2
FR,2155,Vaulruz,2
FR,2230,Villarsel-sur-Marly,1
FR,2228,Villars-sur-Glâne,1
FR,2117,Villaz,2
FR,2114,Villorsonnens,2
FR,2160,Vuadens,2
FR,2113,Vuisternens-devant-Romont,2
FR,2309,Wünnewil-Flamatt,2
GR,3542,Albula/Alvra,3
GR,3701,Andeer,3
GR,3921,Arosa,1
GR,3681,Avers,3
GR,3544,Bergün Filisur,3
GR,3781,Bever,2
GR,3721,Bonaduz,2
GR,3792,Bregaglia,2
GR,3981,Breil/Brigels,3
GR,3551,Brusio,2
GR,3804,Buseno,1
GR,3837,Calanca,1
GR,3831,Cama,1
GR,3805,Castaneda,1
GR,3661,Cazis,3
GR,3782,Celerina/Schlarigna,2
GR,3901,Chur,1
GR,3911,Churwalden,1
GR,3881,Conters im Prättigau,2
GR,3851,Davos,2
GR,3982,Disentis/Mustér,3
GR,3722,Domat/Ems,2
GR,3673,Domleschg,3
GR,3572,Falera,3
GR,3731,Felsberg,2
GR,3713,Ferrera,3
GR,3861,Fideris,2
GR,3951,Fläsch,2
GR,3662,Flerden,3
GR,3732,Flims,2
GR,3862,Furna,2
GR,3633,Fürstenau,3
GR,3832,Grono,1
GR,3961,Grüsch,2
GR,3619,Ilanz/Glion,3
GR,3863,Jenaz,2
GR,3952,Jenins,2
GR,3871,Klosters,2
GR,3882,Küblis,2
GR,3785,La Punt Chamues-ch,2
GR,3575,Laax,3
GR,3955,Landquart,2
GR,3513,Lantsch/Lenz,3
GR,3821,Lostallo,1
GR,3618,Lumnezia,3
GR,3891,Luzein,2
GR,3783,Madulain,2
GR,3953,Maienfeld,2
GR,3954,Malans,2
GR,3663,Masein,3
GR,3983,Medel (Lucmagn),3
GR,3822,Mesocco,1
GR,3715,Muntogna da Schons,3
GR,3988,Obersaxen Mundaun,3
GR,3784,Pontresina,2
GR,3561,Poschiavo,2
GR,3723,Rhäzüns,2
GR,3714,Rheinwald,3
GR,3711,Rongellen,3
GR,3808,Rossa,1
GR,3637,Rothenbrunnen,3
GR,3834,Roveredo (GR),1
GR,3672,Safiental,3
GR,3581,Sagogn,3
GR,3786,Samedan,2
GR,3752,Samnaun,2
GR,3835,San Vittore,1
GR,3810,Santa Maria in Calanca,1
GR,3788,S-chanf,2
GR,3638,Scharans,3
GR,3962,Schiers,2
GR,3582,Schluein,3
GR,3514,Schmitten (GR),3
GR,3762,Scuol,2
GR,3972,Seewis im Prättigau,2
GR,3640,Sils im Domleschg,3
GR,3789,Sils im Engadin/Segl,2
GR,3790,Silvaplana,2
GR,3823,Soazza,1
GR,3787,St. Moritz,2
GR,3695,Sufers,3
GR,3985,Sumvitg,3
GR,3543,Surses,3
GR,3733,Tamins,2
GR,3668,Thusis,3
GR,3945,Trimmis,2
GR,3734,Trin,2
GR,3987,Trun,3
GR,3669,Tschappina,3
GR,3932,Tschiertschen-Praden,1
GR,3986,Tujetsch,3
GR,3946,Untervaz,2
GR,3670,Urmein,3
GR,3847,Val Müstair,2
GR,3603,Vals,3
GR,3764,Valsot,2
GR,3506,Vaz/Obervaz,3
GR,3746,Zernez,2
GR,3712,Zillis-Reischen,3
GR,3947,Zizers,2
GR,3791,Zuoz,2
LU,1051,Adligenswil,2
LU,1021,Aesch (LU),3
LU,1121,Alberswil,3
LU,1122,Altbüron,3
LU,1123,Altishofen,3
LU,1023,Ballwil,3
LU,1081,Beromünster,3
LU,1052,Buchrain,2
LU,1082,Büron,3
LU,1083,Buttisholz,3
LU,1125,Dagmersellen,3
LU,1053,Dierikon,2
LU,1001,Doppleschwand,3
LU,1054,Ebikon,1
LU,1127,Egolzwil,3
LU,1084,Eich,2
LU,1024,Emmen,1
LU,1002,Entlebuch,3
LU,1025,Ermensee,3
LU,1026,Eschenbach (LU),3
LU,1010,Escholzmatt-Marbach,3
LU,1128,Ettiswil,3
LU,1129,Fischbach,3
LU,1004,Flühli,3
LU,1085,Geuensee,3
LU,1055,Gisikon,3
LU,1056,Greppen,3
LU,1131,Grossdietwil,3
LU,1086,Grosswangen,3
LU,1005,Hasle (LU),3
LU,1132,Hergiswil bei Willisau,3
LU,1088,Hildisrieden,3
LU,1030,Hitzkirch,3
LU,1031,Hochdorf,3
LU,1032,Hohenrain,3
LU,1057,Honau,3
LU,1058,Horw,1
LU,1033,Inwil,3
LU,1089,Knutwil,3
LU,1059,Kriens,1
LU,1135,Luthern,3
LU,1061,Luzern,1
LU,1062,Malters,2
LU,1091,Mauensee,3
LU,1063,Meggen,2
LU,1064,Meierskappel,2
LU,1136,Menznau,3
LU,1137,Nebikon,3
LU,1093,Neuenkirch,2
LU,1094,Nottwil,2
LU,1095,Oberkirch,2
LU,1139,Pfaffnau,3
LU,1037,Rain,3
LU,1140,Reiden,3
LU,1097,Rickenbach (LU),3
LU,1142,Roggliswil,3
LU,1039,Römerswil,3
LU,1007,Romoos,3
LU,1065,Root,2
LU,1040,Rothenburg,2
LU,1098,Ruswil,2
LU,1099,Schenkon,2
LU,1100,Schlierbach,3
LU,1041,Schongau,3
LU,1143,Schötz,3
LU,1008,Schüpfheim,3
LU,1066,Schwarzenberg,3
LU,1102,Sempach,2
LU,1103,Sursee,2
LU,1104,Triengen,3
LU,1067,Udligenswil,2
LU,1145,Ufhusen,3
LU,1068,Vitznau,3
LU,1146,Wauwil,3
LU,1069,Weggis,3
LU,1009,Werthenstein,2
LU,1147,Wikon,3
LU,1151,Willisau,3
LU,1107,Wolhusen,2
LU,1150,Zell (LU),3
SG,3251,Altstätten,3
SG,3311,Amden,2
SG,3441,Andwil (SG),2
SG,3231,Au (SG),2
SG,3291,Bad Ragaz,2
SG,3232,Balgach,3
SG,3312,Benken (SG),2
SG,3211,Berg (SG),2
SG,3233,Berneck,3
SG,3271,Buchs (SG),2
SG,3395,Bütschwil-Ganterschwil,3
SG,3401,Degersheim,3
SG,3234,Diepoldsau,3
SG,3352,Ebnat-Kappel,3
SG,3212,Eggersriet,2
SG,3252,Eichberg,3
SG,3342,Eschenbach (SG),2
SG,3402,Flawil,2
SG,3292,Flums,2
SG,3442,Gaiserwald,1
SG,3272,Gams,3
SG,3213,Goldach,2
SG,3341,Gommiswald,2
SG,3443,Gossau (SG),1
SG,3273,Grabs,3
SG,3201,Häggenschwil,2
SG,3405,Jonschwil,2
SG,3313,Kaltbrunn,2
SG,3392,Kirchberg (SG),2
SG,3374,Lichtensteig,3
SG,3393,Lütisburg,3
SG,3253,Marbach (SG),3
SG,3293,Mels,2
SG,3214,Mörschwil,2
SG,3394,Mosnang,3
SG,3202,Muolen,2
SG,3396,Neckertal,3
SG,3360,Nesslau,3
SG,3422,Niederbüren,1
SG,3423,Niederhelfenschwil,1
SG,3424,Oberbüren,1
SG,3254,Oberriet (SG),3
SG,3407,Oberuzwil,2
SG,3294,Pfäfers,2
SG,3295,Quarten,2
SG,3340,Rapperswil-Jona,2
SG,3255,Rebstein,3
SG,3235,Rheineck,2
SG,3215,Rorschach,2
SG,3216,Rorschacherberg,2
SG,3256,Rüthi (SG),3
SG,3296,Sargans,2
SG,3315,Schänis,2
SG,3338,Schmerikon,2
SG,3274,Sennwald,3
SG,3275,Sevelen,2
SG,3203,St. Gallen,1
SG,3236,St. Margrethen,2
SG,3217,Steinach,2
SG,3237,Thal,2
SG,3218,Tübach,2
SG,3219,Untereggen,2
SG,3339,Uznach,2
SG,3408,Uzwil,2
SG,3297,Vilters-Wangs,2
SG,3444,Waldkirch,2
SG,3298,Walenstadt,2
SG,3276,Wartau,2
SG,3379,Wattwil,3
SG,3316,Weesen,2
SG,3238,Widnau,3
SG,3427,Wil (SG),1
SG,3359,Wildhaus-Alt St. Johann,3
SG,3204,Wittenbach,2
SG,3426,Zuzwil (SG),1
SH,2931,Bargen (SH),2
SH,2951,Beggingen,2
SH,2932,Beringen,2
SH,2961,Buch (SH),2
SH,2933,Buchberg,2
SH,2914,Büttenhardt,2
SH,2915,Dörflingen,2
SH,2901,Gächlingen,2
SH,2971,Hallau,2
SH,2962,Hemishofen,2
SH,2917,Lohn (SH),2
SH,2903,Löhningen,2
SH,2936,Merishausen,2
SH,2937,Neuhausen am Rheinfall,1
SH,2904,Neunkirch,2
SH,2972,Oberhallau,2
SH,2963,Ramsen,2
SH,2938,Rüdlingen,2
SH,2939,Schaffhausen,1
SH,2952,Schleitheim,2
SH,2953,Siblingen,2
SH,2964,Stein am Rhein,2
SH,2919,Stetten (SH),2
SH,2920,Thayngen,2
SH,2973,Trasadingen,2
SH,2974,Wilchingen,2
TI,5048,Acquarossa,2
TI,5141,Agno,1
TI,5061,Airolo,2
TI,5237,Alto Malcantone,1
TI,5143,Aranno,1
TI,5001,Arbedo-Castione,1
TI,5144,Arogno,1
TI,5091,Ascona,1
TI,5146,Astano,1
TI,5324,Avegno Gordevio,2
TI,5242,Balerna,1
TI,5148,Bedano,1
TI,5149,Bedigliora,1
TI,5063,Bedretto,2
TI,5002,Bellinzona,1
TI,5281,Biasca,2
TI,5151,Bioggio,1
TI,5154,Bissone,1
TI,5049,Blenio,2
TI,5064,Bodio,2
TI,5304,Bosco/Gurin,2
TI,5269,Breggia,1
TI,5096,Brione sopra Minusio,2
TI,5097,Brissago,1
TI,5160,Brusino Arsizio,1
TI,5161,Cademario,1
TI,5162,Cadempino,1
TI,5003,Cadenazzo,1
TI,5307,Campo (Vallemaggia),2
TI,5167,Canobbio,1
TI,5226,Capriasca,1
TI,5171,Caslano,1
TI,5249,Castel San Pietro,1
TI,5397,Centovalli,2
TI,5309,Cerentino,2
TI,5310,Cevio,2
TI,5250,Chiasso,1
TI,5251,Coldrerio,1
TI,5236,Collina d’Oro,1
TI,5176,Comano,1
TI,5138,Cugnasco-Gerra,2
TI,5180,Cureglia,1
TI,5181,Curio,1
TI,5071,Dalpe,2
TI,5072,Faido,2
TI,5398,Gambarogno,1
TI,5073,Giornico,2
TI,5108,Gordola,2
TI,5186,Grancia,1
TI,5187,Gravesano,1
TI,5009,Isone,1
TI,5189,Lamone,1
TI,5112,Lavertezzo,2
TI,5323,Lavizzara,2
TI,5315,Linescio,2
TI,5113,Locarno,1
TI,5115,Losone,1
TI,5192,Lugano,1
TI,5010,Lumino,1
TI,5317,Maggia,2
TI,5193,Magliaso,1
TI,5194,Manno,1
TI,5196,Massagno,1
TI,5198,Melide,1
TI,5254,Mendrisio,1
TI,5117,Mergoscia,2
TI,5199,Mezzovico-Vira,1
TI,5200,Miglieglia,1
TI,5118,Minusio,1
TI,5238,Monteceneri,1
TI,5257,Morbio Inferiore,1
TI,5203,Morcote,1
TI,5120,Muralto,1
TI,5205,Muzzano,1
TI,5206,Neggio,1
TI,5207,Novaggio,1
TI,5260,Novazzano,1
TI,5136,Onsernone,2
TI,5208,Origlio,1
TI,5121,Orselina,1
TI,5210,Paradiso,1
TI,5076,Personico,2
TI,5077,Pollegio,2
TI,5212,Ponte Capriasca,1
TI,5214,Porza,1
TI,5078,Prato (Leventina),2
TI,5216,Pura,1
TI,5079,Quinto,2
TI,5263,Riva San Vitale,1
TI,5287,Riviera,2
TI,5125,Ronco sopra Ascona,1
TI,5017,Sant’Antonino,1
TI,5221,Savosa,1
TI,5050,Serravalle,2
TI,5225,Sorengo,1
TI,5266,Stabio,1
TI,5131,Tenero-Contra,1
TI,5396,Terre di Pedemonte,2
TI,5227,Torricella-Taverne,1
TI,5239,Tresa,1
TI,5268,Vacallo,1
TI,5240,Val Mara,1
TI,5230,Vernate,1
TI,5399,Verzasca,2
TI,5231,Vezia,1
TI,5233,Vico Morcote,1
VD,5621,Aclens,1
VD,5742,Agiez,2
VD,5401,Aigle,2
VD,5851,Allaman,1
VD,5701,Arnex-sur-Nyon,1
VD,5743,Arnex-sur-Orbe,2
VD,5702,Arzier-Le Muids,1
VD,5511,Assens,2
VD,5422,Aubonne,1
VD,5451,Avenches,2
VD,5744,Ballaigues,2
VD,5423,Ballens,1
VD,5703,Bassins,1
VD,5745,Baulmes,2
VD,5746,Bavois,2
VD,5704,Begnins,1
VD,5581,Belmont-sur-Lausanne,1
VD,5902,Belmont-sur-Yverdon,2
VD,5512,Bercher,2
VD,5424,Berolle,1
VD,5471,Bettens,2
VD,5402,Bex,2
VD,5425,Bière,1
VD,5903,Bioley-Magnoux,2
VD,5892,Blonay - Saint-Légier,1
VD,5747,Bofflens,2
VD,5705,Bogis-Bossey,1
VD,5551,Bonvillars,2
VD,5706,Borex,1
VD,5514,Bottens,2
VD,5426,Bougy-Villars,1
VD,5661,Boulens,2
VD,5613,Bourg-en-Lavaux,1
VD,5472,Bournens,2
VD,5473,Boussens,2
VD,5622,Bremblens,1
VD,5515,Bretigny-sur-Morrens,2
VD,5748,Bretonnières,2
VD,5623,Buchillon,1
VD,5552,Bullet,2
VD,5852,Bursinel,1
VD,5853,Bursins,1
VD,5854,Burtigny,1
VD,5624,Bussigny,1
VD,5663,Bussy-sur-Moudon,2
VD,5904,Chamblon,2
VD,5553,Champagne,2
VD,5812,Champtauroz,2
VD,5905,Champvent,2
VD,5882,Chardonne,1
VD,5841,Château-d’Oex,2
VD,5707,Chavannes-de-Bogis,1
VD,5708,Chavannes-des-Bois,1
VD,5907,Chavannes-le-Chêne,2
VD,5475,Chavannes-le-Veyron,2
VD,5627,Chavannes-près-Renens,1
VD,5665,Chavannes-sur-Moudon,2
VD,5749,Chavornay,2
VD,5908,Chêne-Pâquier,2
VD,5909,Cheseaux-Noréaz,2
VD,5582,Cheseaux-sur-Lausanne,1
VD,5709,Chéserex,1
VD,5403,Chessel,2
VD,5476,Chevilly,2
VD,5813,Chevroux,2
VD,5601,Chexbres,1
VD,5628,Chigny,1
VD,5629,Clarmont,1
VD,5710,Coinsins,1
VD,5711,Commugny,1
VD,5554,Concise,2
VD,5712,Coppet,1
VD,5404,Corbeyrier,2
VD,5785,Corcelles-le-Jorat,2
VD,5555,Corcelles-près-Concise,2
VD,5816,Corcelles-près-Payerne,2
VD,5883,Corseaux,1
VD,5884,Corsier-sur-Vevey,1
VD,5477,Cossonay,2
VD,5713,Crans (VD),1
VD,5714,Crassier,1
VD,5583,Crissier,1
VD,5910,Cronay,2
VD,5752,Croy,2
VD,5479,Cuarnens,2
VD,5911,Cuarny,2
VD,5456,Cudrefin,2
VD,5516,Cugy (VD),2
VD,5669,Curtilles,2
VD,5480,Daillens,2
VD,5912,Démoret,2
VD,5631,Denens,1
VD,5632,Denges,1
VD,5481,Dizy,2
VD,5671,Dompierre (VD),2
VD,5913,Donneloye,2
VD,5715,Duillier,1
VD,5855,Dully,1
VD,5518,Échallens,2
VD,5633,Échandens,1
VD,5634,Échichens,1
VD,5482,Éclépens,2
VD,5635,Écublens (VD),1
VD,5584,Épalinges,1
VD,5914,Épendes (VD),2
VD,5856,Essertines-sur-Rolle,1
VD,5520,Essertines-sur-Yverdon,2
VD,5521,Étagnières,2
VD,5636,Étoy,1
VD,5716,Eysins,1
VD,5458,Faoug,2
VD,5427,Féchy,1
VD,5483,Ferreyres,2
VD,5522,Fey,2
VD,5556,Fiez,2
VD,5557,Fontaines-sur-Grandson,2
VD,5604,Forel (Lavaux),1
VD,5717,Founex,1
VD,5523,Froideville,2
VD,5718,Genolier,1
VD,5559,Giez,2
VD,5857,Gilly,1
VD,5428,Gimel,1
VD,5719,Gingins,1
VD,5720,Givrins,1
VD,5721,Gland,1
VD,5484,Gollion,2
VD,5541,Goumoëns,2
VD,5485,Grancy,2
VD,5817,Grandcour,2
VD,5560,Grandevent,2
VD,5561,Grandson,2
VD,5722,Grens,1
VD,5405,Gryon,2
VD,5656,Hautemorges,2
VD,5819,Henniez,2
VD,5673,Hermenches,2
VD,5885,Jongny,1
VD,5804,Jorat-Menthue,2
VD,5806,Jorat-Mézières,2
VD,5585,Jouxtens-Mézery,1
VD,5754,Juriens,2
VD,5871,L’Abbaye,2
VD,5741,L’Abergement,2
VD,5486,L’Isle,2
VD,5474,La Chaux (Cossonay),2
VD,5758,La Praz,2
VD,5726,La Rippe,1
VD,5498,La Sarraz,2
VD,5889,La Tour-de-Peilz,1
VD,5586,Lausanne,1
VD,5406,Lavey-Morcles,2
VD,5637,Lavigny,1
VD,5872,Le Chenit,2
VD,5873,Le Lieu,2
VD,5587,Le Mont-sur-Lausanne,1
VD,5731,Le Vaud,1
VD,5750,Les Clées,2
VD,5407,Leysin,2
VD,5755,Lignerolle,2
VD,5638,Lonay,1
VD,5429,Longirod,1
VD,5674,Lovatens,2
VD,5675,Lucens,2
VD,5858,Luins,1
VD,5639,Lully (VD),1
VD,5487,Lussery-Villars,2
VD,5640,Lussy-sur-Morges,1
VD,5606,Lutry,1
VD,5790,Maracon,2
VD,5430,Marchissy,1
VD,5919,Mathod,2
VD,5562,Mauborget,2
VD,5488,Mauraz,2
VD,5489,Mex (VD),2
VD,5723,Mies,1
VD,5821,Missy,2
VD,5490,Moiry,2
VD,5431,Mollens (VD),1
VD,5921,Molondin,2
VD,5922,Montagny-près-Yverdon,2
VD,5693,Montanaire,2
VD,5756,Montcherand,2
VD,5540,Montilliez,2
VD,5491,Mont-la-Ville,2
VD,5792,Montpreveyres,2
VD,5886,Montreux,1
VD,5492,Montricher,2
VD,5859,Mont-sur-Rolle,1
VD,5642,Morges,1
VD,5527,Morrens (VD),2
VD,5678,Moudon,2
VD,5563,Mutrux,2
VD,5564,Novalles,2
VD,5408,Noville,2
VD,5724,Nyon,1
VD,5680,Ogens,2
VD,5409,Ollon,2
VD,5565,Onnens (VD),2
VD,5923,Oppens,2
VD,5757,Orbe,2
VD,5924,Orges,2
VD,5410,Ormont-Dessous,2
VD,5411,Ormont-Dessus,2
VD,5493,Orny,2
VD,5805,Oron,2
VD,5925,Orzens,2
VD,5529,Oulens-sous-Echallens,2
VD,5530,Pailly,2
VD,5588,Paudex,1
VD,5822,Payerne,2
VD,5495,Penthalaz,2
VD,5496,Penthaz,2
VD,5531,Penthéréaz,2
VD,5860,Perroy,1
VD,5533,Poliez-Pittet,2
VD,5497,Pompaples,2
VD,5926,Pomy,2
VD,5725,Prangins,1
VD,5759,Premier,2
VD,5643,Préverenges,1
VD,5683,Prévonloup,2
VD,5589,Prilly,1
VD,5566,Provence,2
VD,5607,Puidoux,1
VD,5590,Pully,1
VD,5760,Rances,2
VD,5591,Renens (VD),1
VD,5412,Rennaz,2
VD,5609,Rivaz,1
VD,5413,Roche (VD),2
VD,5861,Rolle,1
VD,5761,Romainmôtier-Envy,2
VD,5592,Romanel-sur-Lausanne,1
VD,5645,Romanel-sur-Morges,1
VD,5798,Ropraz,2
VD,5684,Rossenges,2
VD,5842,Rossinière,2
VD,5843,Rougemont,2
VD,5928,Rovray,2
VD,5534,Rueyres,2
VD,5535,Saint-Barthélemy (VD),2
VD,5727,Saint-Cergue,1
VD,5568,Sainte-Croix,2
VD,5434,Saint-George,1
VD,5435,Saint-Livres,1
VD,5436,Saint-Oyens,1
VD,5646,Saint-Prex,1
VD,5610,Saint-Saphorin (Lavaux),1
VD,5648,Saint-Sulpice (VD),1
VD,5437,Saubraz,1
VD,5611,Savigny,1
VD,5499,Senarclens,2
VD,5762,Sergey,2
VD,5799,Servion,2
VD,5728,Signy-Avenex,1
VD,5929,Suchy,2
VD,5501,Sullens,2
VD,5930,Suscévaz,2
VD,5688,Syens,2
VD,5729,Tannay,1
VD,5862,Tartegnin,1
VD,5571,Tévenon,2
VD,5649,Tolochenaz,1
VD,5730,Trélex,1
VD,5827,Trey,2
VD,5931,Treycovagnes,2
VD,5828,Treytorrens (Payerne),2
VD,5932,Ursins,2
VD,5831,Valbroye,2
VD,5933,Valeyres-sous-Montagny,2
VD,5763,Valeyres-sous-Rances,2
VD,5934,Valeyres-sous-Ursins,2
VD,5764,Vallorbe,2
VD,5765,Vaulion,2
VD,5650,Vaux-sur-Morges,1
VD,5890,Vevey,1
VD,5891,Veytaux,1
VD,5732,Vich,1
VD,5935,Villars-Épeney,2
VD,5690,Villars-le-Comte,2
VD,5537,Villars-le-Terroir,2
VD,5651,Villars-Sainte-Croix,1
VD,5652,Villars-sous-Yens,1
VD,5830,Villarzel,2
VD,5414,Villeneuve (VD),2
VD,5863,Vinzel,1
VD,5539,Vuarrens,2
VD,5692,Vucherens,2
VD,5503,Vufflens-la-Ville,2
VD,5653,Vufflens-le-Château,1
VD,5937,Vugelles-La Mothe,2
VD,5766,Vuiteboeuf,2
VD,5803,Vulliens,2
VD,5654,Vullierens,1
VD,5464,Vully-les-Lacs,2
VD,5655,Yens,1
VD,5938,Yverdon-les-Bains,2
VD,5939,Yvonand,2
VD,5415,Yvorne,2
VS,6101,Agarn,2
VS,6102,Albinen,2
VS,6252,Anniviers,2
VS,6261,Arbaz,1
VS,6021,Ardon,1
VS,6191,Ausserberg,2
VS,6082,Ayent,1
VS,6281,Baltschieder,2
VS,6052,Bellwald,2
VS,6205,Bettmeralp,2
VS,6054,Binn,2
VS,6172,Bister,2
VS,6173,Bitsch,2
VS,6192,Blatten,2
VS,6032,Bourg-Saint-Pierre,1
VS,6131,Bovernier,1
VS,6002,Brig-Glis,2
VS,6193,Bürchen,2
VS,6232,Chalais,1
VS,6022,Chamoson,1
VS,6151,Champéry,1
VS,6235,Chippis,1
VS,6152,Collombey-Muraz,1
VS,6211,Collonges,1
VS,6023,Conthey,1
VS,6253,Crans-Montana,1
VS,6212,Dorénaz,1
VS,6004,Eggerberg,2
VS,6194,Eischoll,2
VS,6282,Eisten,2
VS,6283,Embd,2
VS,6104,Ergisch,2
VS,6056,Ernen,2
VS,6213,Évionnaz,1
VS,6083,Évolène,2
VS,6195,Ferden,2
VS,6057,Fiesch,2
VS,6058,Fieschertal,2
VS,6214,Finhaut,1
VS,6133,Fully,1
VS,6118,Gampel-Bratsch,2
VS,6077,Goms,2
VS,6285,Grächen,2
VS,6177,Grengiols,2
VS,6263,Grimisuat,1
VS,6238,Grône,1
VS,6117,Guttet-Feschel,2
VS,6084,Hérémence,2
VS,6239,Icogne,1
VS,6109,Inden,2
VS,6134,Isérables,1
VS,6197,Kippel,2
VS,6286,Lalden,2
VS,6061,Lax,2
VS,6240,Lens,1
VS,6110,Leuk,2
VS,6111,Leukerbad,2
VS,6135,Leytron,1
VS,6033,Liddes,1
VS,6136,Martigny,1
VS,6137,Martigny-Combe,1
VS,6215,Massongex,1
VS,6153,Monthey,1
VS,6090,Mont-Noble,2
VS,6203,Mörel-Filet,2
VS,6007,Naters,2
VS,6024,Nendaz,1
VS,6198,Niedergesteln,2
VS,6254,Noble-Contrée,1
VS,6112,Oberems,2
VS,6076,Obergoms,2
VS,6034,Orsières,1
VS,6154,Port-Valais,1
VS,6287,Randa,2
VS,6199,Raron,2
VS,6139,Riddes,1
VS,6008,Ried-Brig,2
VS,6181,Riederalp,2
VS,6288,Saas-Almagell,2
VS,6289,Saas-Balen,2
VS,6290,Saas-Fee,2
VS,6291,Saas-Grund,2
VS,6140,Saillon,1
VS,6155,Saint-Gingolph,1
VS,6246,Saint-Léonard,1
VS,6087,Saint-Martin (VS),2
VS,6217,Saint-Maurice,1
VS,6113,Salgesch,2
VS,6218,Salvan,1
VS,6265,Savièse,1
VS,6141,Saxon,1
VS,6035,Sembrancher,1
VS,6248,Sierre,1
VS,6009,Simplon,2
VS,6266,Sion,1
VS,6292,St. Niklaus,2
VS,6293,Stalden (VS),2
VS,6294,Staldenried,2
VS,6204,Steg-Hohtenn,2
VS,6295,Täsch,2
VS,6010,Termen,2
VS,6296,Törbel,2
VS,6142,Trient,1
VS,6156,Troistorrents,1
VS,6119,Turtmann-Unterems,2
VS,6201,Unterbäch,2
VS,6037,Val de Bagnes,1
VS,6157,Val-d’Illiez,1
VS,6116,Varen,2
VS,6219,Vernayaz,1
VS,6220,Vérossaz,1
VS,6025,Vétroz,1
VS,6089,Vex,2
VS,6267,Veysonnaz,1
VS,6158,Vionnaz,1
VS,6297,Visp,2
VS,6298,Visperterminen,2
VS,6159,Vouvry,1
VS,6202,Wiler (Lötschen),2
VS,6299,Zeneggen,2
VS,6300,Zermatt,2
VS,6011,Zwischbergen,2
ZH,131,Adliswil,2
ZH,241,Aesch (ZH),3
ZH,1,Aeugst am Albis,3
ZH,2,Affoltern am Albis,3
ZH,211,Altikon,3
ZH,291,Andelfingen,3
ZH,51,Bachenbülach,3
ZH,81,Bachs,3
ZH,111,Bäretswil,3
ZH,52,Bassersdorf,3
ZH,297,Bauma,3
ZH,22,Benken (ZH),3
ZH,23,Berg am Irchel,3
ZH,242,Birmensdorf (ZH),3
ZH,3,Bonstetten,3
ZH,82,Boppelsen,3
ZH,213,Brütten,3
ZH,112,Bubikon,3
ZH,24,Buch am Irchel,3
ZH,83,Buchs (ZH),3
ZH,53,Bülach,3
ZH,25,Dachsen,3
ZH,214,Dägerlen,3
ZH,84,Dällikon,3
ZH,85,Dänikon,3
ZH,215,Dättlikon,3
ZH,86,Dielsdorf,3
ZH,243,Dietikon,2
ZH,54,Dietlikon,2
ZH,216,Dinhard,3
ZH,26,Dorf,3
ZH,191,Dübendorf,2
ZH,113,Dürnten,3
ZH,192,Egg,2
ZH,55,Eglisau,3
ZH,294,Elgg,3
ZH,218,Ellikon an der Thur,3
ZH,219,Elsau,3
ZH,56,Embrach,3
ZH,151,Erlenbach (ZH),2
ZH,193,Fällanden,2
ZH,172,Fehraltorf,3
ZH,27,Feuerthalen,3
ZH,114,Fischenthal,3
ZH,28,Flaach,3
ZH,29,Flurlingen,3
ZH,57,Freienstein-Teufen,3
ZH,244,Geroldswil,3
ZH,58,Glattfelden,3
ZH,115,Gossau (ZH),3
ZH,194,Greifensee,2
ZH,116,Grüningen,3
ZH,220,Hagenbuch,3
ZH,4,Hausen am Albis,3
ZH,5,Hedingen,3
ZH,31,Henggart,3
ZH,152,Herrliberg,2
ZH,221,Hettlingen,3
ZH,117,Hinwil,3
ZH,173,Hittnau,3
ZH,59,Hochfelden,3
ZH,153,Hombrechtikon,2
ZH,295,Horgen,2
ZH,60,Höri,3
ZH,61,Hüntwangen,3
ZH,87,Hüttikon,3
ZH,296,Illnau-Effretikon,3
ZH,6,Kappel am Albis,3
ZH,135,Kilchberg (ZH),2
ZH,33,Kleinandelfingen,3
ZH,62,Kloten,2
ZH,7,Knonau,3
ZH,154,Küsnacht (ZH),2
ZH,136,Langnau am Albis,3
ZH,34,Laufen-Uhwiesen,3
ZH,176,Lindau,3
ZH,63,Lufingen,3
ZH,155,Männedorf,2
ZH,35,Marthalen,3
ZH,8,Maschwanden,3
ZH,195,Maur,2
ZH,156,Meilen,2
ZH,9,Mettmenstetten,3
ZH,196,Mönchaltorf,2
ZH,88,Neerach,3
ZH,223,Neftenbach,3
ZH,89,Niederglatt,3
ZH,90,Niederhasli,3
ZH,91,Niederweningen,3
ZH,64,Nürensdorf,3
ZH,65,Oberembrach,3
ZH,245,Oberengstringen,3
ZH,92,Oberglatt,3
ZH,137,Oberrieden,3
ZH,93,Oberweningen,3
ZH,10,Obfelden,3
ZH,157,Oetwil am See,2
ZH,246,Oetwil an der Limmat,3
ZH,66,Opfikon,2
ZH,37,Ossingen,3
ZH,94,Otelfingen,3
ZH,11,Ottenbach,3
ZH,177,Pfäffikon,3
ZH,224,Pfungen,3
ZH,67,Rafz,3
ZH,95,Regensberg,3
ZH,96,Regensdorf,2
ZH,38,Rheinau,3
ZH,138,Richterswil,2
ZH,225,Rickenbach (ZH),3
ZH,12,Rifferswil,3
ZH,68,Rorbas,3
ZH,97,Rümlang,2
ZH,139,Rüschlikon,3
ZH,178,Russikon,3
ZH,118,Rüti (ZH),3
ZH,226,Schlatt (ZH),3
ZH,98,Schleinikon,3
ZH,247,Schlieren,2
ZH,99,Schöfflisdorf,3
ZH,197,Schwerzenbach,2
ZH,119,Seegräben,3
ZH,227,Seuzach,3
ZH,100,Stadel,3
ZH,158,Stäfa,2
ZH,13,Stallikon,3
ZH,292,Stammheim,3
ZH,101,Steinmaur,3
ZH,39,Thalheim an der Thur,3
ZH,141,Thalwil,2
ZH,40,Trüllikon,3
ZH,41,Truttikon,3
ZH,228,Turbenthal,3
ZH,159,Uetikon am See,2
ZH,248,Uitikon,3
ZH,249,Unterengstringen,3
ZH,250,Urdorf,2
ZH,198,Uster,2
ZH,43,Volken,3
ZH,199,Volketswil,2
ZH,293,Wädenswil,2
ZH,120,Wald (ZH),3
ZH,69,Wallisellen,2
ZH,200,Wangen-Brüttisellen,2
ZH,70,Wasterkingen,3
ZH,102,Weiach,3
ZH,251,Weiningen (ZH),3
ZH,180,Weisslingen,3
ZH,14,Wettswil am Albis,3
ZH,121,Wetzikon (ZH),3
ZH,298,Wiesendangen,3
ZH,71,Wil (ZH),3
ZH,181,Wila,3
ZH,182,Wildberg,3
ZH,72,Winkel,3
ZH,230,Winterthur,2
ZH,231,Zell (ZH),3
ZH,161,Zollikon,2
ZH,160,Zumikon,2
ZH,261,Zürich,1
